group,qty,part,mfr_pn,search_terms,notes
motor-control,100,0 ohm TH jumper resistor — the DIP pins,JW60ZT0R00 (Stackpole),"Stackpole JW60ZT0R00","5 pins per board x 10 boards = 50; buy spares. Legs ARE the pins. Per the GitHub BOM, not the PCBWay page. CHECK the PCBA quote BOM first — assembly may already include them"
bench,2,0.1 ohm 1% 1W shunt resistor,,"current sense resistor 0.1 ohm 1% 1W","For testing.md step 1 — 100 mV/A across a scope. 0.4 W at 2 A, so 1 W minimum. 1% or the readings are meaningless"
pack,4,Power resistor 1W — R1 candidates,,"power resistor 1W 0.1 0.22 0.33 0.47 ohm","Buy the SPREAD, not one value. R1 is set by the measured stall current; guessing wastes an order cycle"
pack,4,220 uF 10V low-ESR polymer capacitor,,"polymer aluminium capacitor 220uF 10V low ESR","C1a/C1b - 2 fitted (440 uF total). TPS63070 caps VOUT capacitance at 470 uF so 1000 uF is NOT allowed"
pack,5,Schottky diode 3A 40V DO-214AB,SS34,"SS34 DO-214AB","D1. Blocks film-pack battery backfeed (one direction only - see F1)"
pack,5,Resettable fuse PPTC 1812 0.75 A hold,1812L075,"Littelfuse 1812L075 1812","F1. 1.5 A trip against a 2.0 A sustained backfeed fault. Also buy 1812L110PR (DK 267851) to bracket it - 2.2 A trip is ABOVE our fault so it may never trip. Decide after measuring the motor profile"
pack,2,SPDT slide switch,,"slide switch SPDT through hole","SW1. SS12D00 in the BOM is a generic Chinese part; C&K or E-Switch equivalent. Confirm actuator height against sw_z in the SCAD"
pack,1,JST XH 2-pin header + housing + crimps,,"JST XH 2 position header crimp","J2. Pack power in from the protection board. 3 A rating"
pack,1,JST XH 3-pin header + housing + crimps,,"JST XH 3 position header crimp","J3. Balance tap; midpoint feeds IP2326 BM"
pack,4,Mill-Max spring-loaded pin through-hole,7982-1-15-20-75-14-11-0,"Mill-Max 7982-1-15-20-75-14-11-0","P1. 2 needed buy spares. 8 A (6.4 derated), 20 mOhm, 0.7 mm stroke, 60 g, 2.1 mm body, gold. ~$1.55 ea. Soldertail into the carrier PCB"
pack-optA,1,4-cell AAA battery holder with solder tabs,,"AAA battery holder 4 cell solder tab Keystone MPD","Option A only. Caliper it before setting batt_bay_l in the SCAD"
flex-rework,1,"Kester 44 Sn63Pb37 0.020"" solder",,"Kester 44 63/37 .020","Per repair notes section 4"
flex-rework,1,Chip Quik SMD291NL tacky flux,SMD291NL,"Chip Quik SMD291NL","Per repair notes section 4"
flex-rework,1,Soder-Wick #2 rosin desoldering braid,,"Soder-Wick rosin 2 desoldering braid","Pump rather than wick on vintage flex; braid is for the replacement boards"
flex-rework,1,3M polyimide (Kapton) tape,,"3M polyimide tape 5413 92","Strain relief and flex backing. Handle by edges — skin oil weakens the adhesive"
enclosure,1,3M VHB tape,,"3M VHB tape","For bonding the steel shim to the camera. Also available from McMaster"
